Mode,Best_Abs_Method,Best_Abs_Value,Best_Rel_Method,Best_Rel_Value
0,PL-PINN,0.021035800562885332,PL-PINN,2.1036152139420126
1,PL-PINN,0.04437132971299476,PL-PINN,4.437171161929451
2,PL-PINN,0.03794006484074196,PL-PINN,3.794017380025745
3,PL-PINN,0.06981161212678316,PL-PINN,6.981167045091318
4,PL-PINN,0.06579743571896145,PL-PINN,6.579757179721156
5,PL-PINN,0.11270040112866349,PL-PINN,11.270045509218308
