Mode,Best_Abs_Method,Best_Abs_Value,Best_Rel_Method,Best_Rel_Value
0,PL-PINN,0.0019337760898102366,PL-PINN,3.3142779205143587
1,PL-PINN,0.0036361099273777508,PL-PINN,5.522760674179923
2,PL-PINN,0.005660238812198543,PL-PINN,10.901353749305285
3,PL-PINN,0.011484607749444856,PL-PINN,20.670040285314233
4,PL-PINN,0.0148646301457813,PL-PINN,23.03613420816956
5,PL-PINN,0.0168444243144359,PL-PINN,24.56519427506278
