Gamma,Curriculum Training,PL-PINN (ours),Regular PINN
0,0.00012894232593907534,0.00403083068015605,0.0002627121050293583
20,264.8016357421875,0.060468364506959915,277.23602294921875
40,1138.510498046875,0.23282381892204285,2094.2373046875
60,2123.16650390625,0.33173391222953796,25.626907348632812
80,5516.8115234375,0.6503919959068298,4138.4833984375
100,5099.4990234375,0.5678183436393738,0.0419732891023159
