Mode,Gamma,Curriculum Training,PL-PINN,Vanilla PINN
0,0,0.015645018087767828,0.00030504125118463855,0.00859278098482615
1,0,0.00701800236759259,0.00028147764102379354,0.015260747128690137
2,0,0.004364013708828761,0.00036550596745212006,0.015108963795110487
3,0,0.015425558337154036,0.00039259606541322344,0.014675641611687109
4,0,0.006717750668779421,0.0003236091297806008,0.017597211877141174
5,0,0.0057493308456003315,0.0004929630962254033,0.014006747194624001
