Mode,Gamma,Curriculum Training,PL-PINN (ours),Regular PINN
0,0,0.00024338392794578034,0.00015984458146080395,6.777082951846809e-05
1,0,0.0001507789135439534,0.0004170295183706227,0.0002920791998108225
2,0,5.5553906416296256e-05,0.0001270400333969097,0.00013295169002903027
3,0,0.0001936569739832504,0.0001118202487962553,0.0001655817288078669
4,0,7.69642125035952e-05,0.00011265025053468993,0.0002030744494139307
5,0,6.0397581590831306e-05,0.0001715576498339168,0.0009020864088160637
