Mode,Gamma,Curriculum Training,PL-PINN,Vanilla PINN
0,0,0.003535325830618445,0.00030504125118463855,0.007135056206889626
1,0,0.006535666820586789,0.00028147764102379354,0.005319297063428111
2,0,0.01362485213230471,0.00036550596745212006,0.011387071462648418
3,0,0.013512766458637094,0.00039259606541322344,0.013781989349504545
4,0,0.008864350564904441,0.0003236091297806008,0.01452312033190655
5,0,0.11440891430907724,0.0004929630962254033,0.015253573197083566
