Mode,Best_Abs_Method,Best_Abs_Value,Best_Rel_Method,Best_Rel_Value
0,PL-PINN,0.00030504125118463855,PL-PINN,0.2168481627684606
1,PL-PINN,0.00028147764102379354,PL-PINN,0.184875408854277
2,PL-PINN,0.00036550596745212006,PL-PINN,0.28199202198330414
3,PL-PINN,0.00039259606541322344,PL-PINN,0.3007471354120996
4,PL-PINN,0.0003236091297806008,PL-PINN,0.24797426889264984
5,PL-PINN,0.0004929630962254033,PL-PINN,0.35524827861953967
