Mode,Best_Abs_Method,Best_Abs_Value,Best_Rel_Method,Best_Rel_Value
0,Regular PINN,6.777082951846809e-05,Regular PINN,0.034807470719944784
1,Curriculum Training,0.0001507789135439534,Curriculum Training,0.08100802836107711
2,Curriculum Training,5.5553906416296256e-05,Curriculum Training,0.031004101029478856
3,PL-PINN (ours),0.0001118202487962553,PL-PINN (ours),0.05758373215739508
4,Curriculum Training,7.69642125035952e-05,Curriculum Training,0.04355351129580225
5,Curriculum Training,6.0397581590831306e-05,Curriculum Training,0.031263239438390156
