Mode,Gamma,Curriculum Training,PL-PINN (ours),Regular PINN
0,0,0.16490428118222483,0.09344926568767457,0.034807470719944784
1,0,0.08100802836107711,0.29247159161244096,0.13133153674830322
2,0,0.031004101029478856,0.06408796360049752,0.07002421189799067
3,0,0.08902121139688952,0.05758373215739508,0.08049510248281269
4,0,0.04355351129580225,0.07473140589993378,0.09423938098757122
5,0,0.031263239438390156,0.08664756329886376,0.4049774231410128
