Mode,Gamma,Curriculum Training,PL-PINN,Vanilla PINN
0,0,1.9826655599808416,0.2168481627684606,3.8198816334857484
1,0,3.193510808513717,0.184875408854277,2.772856099816078
2,0,7.194335476100408,0.28199202198330414,6.977349923283802
3,0,7.681468941865193,0.3007471354120996,7.60185532414602
4,0,5.517788638936671,0.24797426889264984,8.999096865179144
5,0,93.54809578088171,0.35524827861953967,9.876938342523873
