Mode,Gamma,Curriculum Training,PL-PINN,Vanilla PINN
0,0,7.584627610796684,0.2168481627684606,4.86746255315865
1,0,3.5143381066863744,0.184875408854277,7.521047368352674
2,0,2.4927231539514585,0.28199202198330414,7.952505992049449
3,0,8.28281764764855,0.3007471354120996,7.9937460180848445
4,0,3.9851906059699926,0.24797426889264984,10.424472777730726
5,0,2.9925322584054284,0.35524827861953967,7.099672713780561
