Mode,Gamma,Curriculum Training,PL-PINN (ours),Regular PINN
0,0,7.992993731821046e-05,2.6340519117036712e-05,0.00022733320443987247
1,0,0.00024618095698054844,0.00014425388287972208,2.569694500138719e-05
2,0,0.0001394906772327833,0.0009228130884450547,3.7854530014022e-05
3,0,0.00015172598840104177,0.00013386248570336183,5.354138939772923e-05
4,0,4.7332146532021346e-05,0.00012315551103826347,0.000295634936780788
5,0,8.673009158583172e-05,9.601662756296265e-05,0.0001688198926967346
