Mode,Gamma,Curriculum Training,PL-PINN (ours),Regular PINN
0,0,7.992993731821046e-05,3.572811061857646e-06,0.00022733320443987247
1,0,0.00024618095698054844,1.6122843053501693e-05,2.569694500138719e-05
2,0,0.0001394906772327833,3.6793857270022415e-06,3.7854530014022e-05
3,0,0.00015172598840104177,2.8554998181516646e-06,5.354138939772923e-05
4,0,4.7332146532021346e-05,3.9887183266845265e-06,0.000295634936780788
5,0,8.673009158583172e-05,4.3491507295112744e-05,0.0001688198926967346
