Mode,Best_Abs_Method,Best_Abs_Value,Best_Rel_Method,Best_Rel_Value
0,PL-PINN (ours),3.572811061857646e-06,PL-PINN (ours),0.0020952562709577664
1,PL-PINN (ours),1.6122843053501693e-05,PL-PINN (ours),0.008786360105417642
2,PL-PINN (ours),3.6793857270022415e-06,PL-PINN (ours),0.0020629756322841425
3,PL-PINN (ours),2.8554998181516646e-06,PL-PINN (ours),0.0014668663503395567
4,PL-PINN (ours),3.9887183266845265e-06,PL-PINN (ours),0.0022240741365056006
5,PL-PINN (ours),4.3491507295112744e-05,PL-PINN (ours),0.01960607106591049
