Mode,Best_Abs_Method,Best_Abs_Value,Best_Rel_Method,Best_Rel_Value
0,PL-PINN,5.4661000098890416e-05,PL-PINN,0.027770828473010555
1,PL-PINN,2.0886697305629416e-05,PL-PINN,0.007593118487945367
2,PL-PINN,3.5210666994493366e-05,PL-PINN,0.011557410125879209
3,PL-PINN,0.008600372248380075,PL-PINN,0.8669945816197653
4,PL-PINN,0.001680173474732525,PL-PINN,0.2994738177716993
5,PL-PINN,0.00017919113999946033,PL-PINN,0.03258508344263828
