Mode,Best_Abs_Method,Best_Abs_Value,Best_Rel_Method,Best_Rel_Value
0,PL-PINN (ours),2.6340519117036712e-05,PL-PINN (ours),0.01876750610353014
1,Regular PINN,2.569694500138719e-05,Regular PINN,0.012934666130353392
2,Regular PINN,3.7854530014022e-05,Regular PINN,0.022975361028875336
3,Regular PINN,5.354138939772923e-05,Regular PINN,0.0327928281981911
4,Curriculum Training,4.7332146532021346e-05,Curriculum Training,0.025568617823286614
5,Curriculum Training,8.673009158583172e-05,Curriculum Training,0.045888677425825086
