Mode,Best_Abs_Method,Best_Abs_Value,Best_Rel_Method,Best_Rel_Value
0,PL-PINN (ours),3.193931037230773e-05,PL-PINN (ours),0.012547457748768677
1,PL-PINN (ours),3.51028372388146e-05,PL-PINN (ours),0.014319086254062724
2,PL-PINN (ours),0.00021278805114011593,PL-PINN (ours),0.04585468561068708
3,PL-PINN (ours),0.0006681709436931744,PL-PINN (ours),0.07262724006948346
4,PL-PINN (ours),0.0008826380010467679,PL-PINN (ours),0.11697682527707422
5,PL-PINN (ours),0.008190689184444601,PL-PINN (ours),0.8239211411464655
