Mode,Gamma,Curriculum Training,PL-PINN (ours),Regular PINN
0,0,0.048101638644786324,0.01876750610353014,0.10820028755149094
1,0,0.16167090856765953,0.07596687012290039,0.012934666130353392
2,0,0.07674319426773805,0.43989035780919067,0.022975361028875336
3,0,0.07620958500109785,0.07118362805545148,0.0327928281981911
4,0,0.025568617823286614,0.07653095048505805,0.13730982022683114
5,0,0.045888677425825086,0.052278667778050514,0.07621903338030196
