Mode,Gamma,Curriculum Training,PL-PINN (ours),Regular PINN
0,0,0.048101638644786324,0.0020952562709577664,0.10820028755149094
1,0,0.16167090856765953,0.008786360105417642,0.012934666130353392
2,0,0.07674319426773805,0.0020629756322841425,0.022975361028875336
3,0,0.07620958500109785,0.0014668663503395567,0.0327928281981911
4,0,0.025568617823286614,0.0022240741365056006,0.13730982022683114
5,0,0.045888677425825086,0.01960607106591049,0.07621903338030196
