Gamma,Curriculum Training,PL-PINN (ours),Regular PINN
0,0.020264711128072693,0.44502523639449054,3.5261679187229964
20,1961.3447189331055,0.8300811983644962,95833.09326171875
40,14349.440002441406,1.7686473205685616,3738.599395751953
60,1215.3053283691406,5.317389219999313,216301.953125
80,50604.437255859375,3.854449838399887,54525.09765625
100,558.0629825592041,8.318769186735153,3.0352137982845306
