Gamma,Curriculum Training,PL-PINN (ours),Regular PINN
0,0.0001825480227744757,0.003999081088844668,0.03168931201833176
20,19.613447189331055,0.008300811983644962,958.3309326171875
40,143.49440002441406,0.017686473205685616,37.38599395751953
60,12.153053283691406,0.053173892199993134,2163.01953125
80,506.04437255859375,0.03854449838399887,545.2509765625
100,5.580629825592041,0.08318769186735153,0.030352137982845306
