Method,Avg_Abs_Error,Std_Abs_Error,Avg_Rel_Error,Std_Rel_Error
Regular PINN,617.3415793062014,849.598052922706,61734.217470072945,84959.75337941761
Curriculum Training,114.48101423827417,199.29860087541624,11448.101758812227,19929.859856635816
PL-PINN (ours),0.010399999269196363,0.014705285113797185,1.0474582775398231,1.4667511753419222
