Method,Avg_Abs_Error,Std_Abs_Error,Avg_Rel_Error,Std_Rel_Error
Regular PINN,617.3415793062014,849.598052922706,61734.217470072945,84959.75337941761
Curriculum Training,114.48101423827417,199.29860087541624,11448.101758812227,19929.859856635816
PL-PINN (ours),0.0341487414549198,0.030444117498973994,3.4223936667436505,3.03551832794132
