Mode,Best_Abs_Method,Best_Abs_Value,Best_Rel_Method,Best_Rel_Value
0,PL-PINN (ours),898.9630470707779,PL-PINN (ours),89896.30470833194
1,PL-PINN (ours),897.6593198965447,PL-PINN (ours),89765.93198978581
2,Curriculum Training,867.273086071747,Curriculum Training,86727.33662452106
3,PL-PINN (ours),897.4446873318162,PL-PINN (ours),89744.46873356444
4,PL-PINN (ours),915.3101880972212,PL-PINN (ours),91531.01881169935
5,PL-PINN (ours),915.7498622900295,PL-PINN (ours),91574.98622926317
