Mode,Best_Abs_Method,Best_Abs_Value,Best_Rel_Method,Best_Rel_Value
0,PL-PINN (ours),2.0714321821324986,PL-PINN (ours),207.14337415497127
1,PL-PINN (ours),2.983252706851808,PL-PINN (ours),298.32531580566786
2,PL-PINN (ours),1.3406494615463582,PL-PINN (ours),134.0650600176194
3,PL-PINN (ours),14.183791435854374,PL-PINN (ours),1418.5761639241043
4,PL-PINN (ours),72.93134551757142,PL-PINN (ours),7293.142914509789
5,PL-PINN (ours),14.240115874576622,PL-PINN (ours),1424.0638229450408
