Mode,Best_Abs_Method,Best_Abs_Value,Best_Rel_Method,Best_Rel_Value
0,PL-PINN (ours),0.04131162582091788,PL-PINN (ours),4.13283451599402
1,PL-PINN (ours),0.10407598116095808,PL-PINN (ours),10.407945085339025
2,PL-PINN (ours),1.179275121399845,PL-PINN (ours),117.92776417231569
3,PL-PINN (ours),807.7672533836485,PL-PINN (ours),80776.72537854784
4,PL-PINN (ours),828.8046548197198,PL-PINN (ours),82880.4657886204
5,PL-PINN (ours),882.8851126366175,PL-PINN (ours),88288.5112984862
