Mode,Gamma,Curriculum Training,PL-PINN (ours),Regular PINN
0,0,0.007555735743684649,0.00014502712801812184,0.0004922257270819648
0,20,0.0704582929611206,1.098691973311361e-05,0.002481588628143072
0,40,0.6324975490570068,9.961527211999055e-06,0.3857363760471344
0,60,0.9061737060546875,1.0005375770560931e-05,0.3789208233356476
0,80,45.57286071777344,1.0144849511561915e-05,0.22908000648021698
0,100,0.029286183416843414,1.0059614396595862e-05,2.325772584299557e-05
