Mode,Best_Abs_Method,Best_Abs_Value,Best_Rel_Method,Best_Rel_Value
0,PL-PINN (ours),0.00033897455584934975,PL-PINN (ours),0.06949693655641043
1,Regular PINN,0.013689134468751725,Regular PINN,1.3734679235522549
2,PL-PINN (ours),0.004820246655452162,PL-PINN (ours),0.49425797182254283
3,Regular PINN,0.012141651771292727,Regular PINN,1.2294837599712933
4,PL-PINN (ours),0.004601051735668795,PL-PINN (ours),0.486394544088067
5,PL-PINN (ours),0.007804907156327504,PL-PINN (ours),0.7860816539875684
