Mode,Gamma,Curriculum Training,PL-PINN (ours),Regular PINN
0,0,3.703567235118848,0.09559638778497358,0.275841315538932
0,20,7.0458292961120605,0.001098691973311361,0.2481588628143072
0,40,63.249754905700684,0.0009961527211999055,38.57363760471344
0,60,90.61737060546875,0.0010005375770560931,37.89208233356476
0,80,4557.286071777344,0.0010144849511561915,22.908000648021698
0,100,2.9286183416843414,0.0010059614396595862,0.002325772584299557
