Gamma,Curriculum Training,PL-PINN (ours),Regular PINN
0,0.0007127728726684313,0.3756795849112312,0.14128252046708517
20,580474.560546875,9.127512574195862,56619.158935546875
40,3069983.203125,25.473803281784058,6221.356201171875
60,4424784.765625,15.125149488449097,164423837.5
80,14032925.0,64.42517638206482,1129191600.0
100,11064112.5,53.34424376487732,149.0039348602295
