Method,Avg_Abs_Error,Std_Abs_Error,Avg_Rel_Error,Std_Rel_Error
Regular PINN,2156130.7119101947,4523659.784472526,215613071.19338837,452365978.4458977
Curriculum Training,55287.13273218842,57494.00179672287,5528713.273230775,5749400.179658517
PL-PINN (ours),0.24887298438520178,0.18579396578260565,24.894829140574334,18.567486994612636
