Gamma,Curriculum Training,PL-PINN (ours),Regular PINN
0,0.0015035383276309122,0.4453749863563206,0.5924606625227288
20,174065575.0,57.62208104133606,48973057228800.0
40,825843550.0,72.40731120109558,27634.002685546875
60,944385500.0,98.99834394454956,17042.72918701172
80,6010170400.0,90.74288010597229,3792.990493774414
100,1669355500.0,77.12004780769348,12.56609708070755
