Gamma,Curriculum Training,PL-PINN (ours),Regular PINN
0,1.3518782691183712e-05,0.0039951969498325255,0.005326743386639641
20,1740655.75,0.5173084735870361,489730572288.0
40,8258435.5,0.45365267992019653,276.34002685546875
60,9443855.0,0.6394199728965759,170.42727661132812
80,60101704.0,0.6925689578056335,37.92990493774414
100,16693555.0,0.785733163356781,0.1256609708070755
